{"content":[{"id":"3f7de1ad","settings":{"padding":{"unit":"px","top":"80","right":"0","bottom":"80","left":"0","isLinked":""},"padding_tablet":{"unit":"px","top":"60","right":"0","bottom":"60","left":"0","isLinked":""},"padding_mobile":{"unit":"px","top":"40","right":"15","bottom":"40","left":"15","isLinked":""},"stretch_section":"section-stretched"},"elements":[{"id":"29da5af4","settings":{"_column_size":"100","padding":{"unit":"px","top":"0","right":"0","bottom":"0","left":"0","isLinked":"1"}},"elements":[{"id":"4ac7c932","settings":{"style":"style-2","section_title":"Design","section_number":"2","hide_seperator":"true","typography_typography":"custom","typography_font_size":{"unit":"px","size":"40","sizes":[]},"typography_font_size_tablet":{"unit":"px","size":"30","sizes":[]},"typography_font_size_mobile":{"unit":"px","size":"30","sizes":[]},"typography_line_height":{"unit":"px","size":"40","sizes":[]},"typography_line_height_tablet":{"unit":"px","size":"30","sizes":[]},"typography_line_height_mobile":{"unit":"px","size":"30","sizes":[]}},"elements":[],"isInner":false,"widgetType":"cdhl_section-title","elType":"widget"},{"id":"3f4077e8","settings":{"tabs":[{"tab_title":"About","tab_content":"[cdhl_elementor_template id= 22054]","_id":"9367224"},{"tab_title":"Exterior","tab_content":"[cdhl_elementor_template id= 22057]","_id":"bfe0c35"},{"tab_title":"Interior","tab_content":"[cdhl_elementor_template id= 22060]","_id":"2a3dc09"}],"tabs_align_horizontal":"center","tab_color":"#363636","tab_typography_typography":"custom","tab_typography_font_weight":"600","tab_typography_text_transform":"uppercase","tab_typography_letter_spacing":{"unit":"px","size":"2","sizes":[]},"border_width":{"unit":"px","size":"0","sizes":[]},"tab_active_color":"#DB2D2E"},"elements":[],"isInner":false,"widgetType":"tabs","elType":"widget"}],"isInner":"","elType":"column"}],"isInner":"","elType":"section"}],"page_settings":{"template":"elementor_header_footer"},"version":"0.4","title":"Elementor Library","type":"wp-page"}