{"content":[{"id":"3477bdb2","settings":{"stretch_section":"section-stretched","background_background":"classic","background_image":{"url":"http:\/\/sample-data.potenzaglobal.com\/cardealer\/elementor-demo\/placeholder_1920x800.jpg","id":"23347","alt":"","source":"library"},"background_repeat":"no-repeat","background_size":"cover","background_overlay_background":"classic","background_overlay_color":"#0C0C0C","background_overlay_opacity":{"unit":"px","size":"0.6","sizes":[]},"padding":{"unit":"px","top":"80","right":"0","bottom":"80","left":"0","isLinked":""},"padding_tablet":{"unit":"px","top":"60","right":"0","bottom":"40","left":"0","isLinked":""},"padding_mobile":{"unit":"px","top":"40","right":"0","bottom":"40","left":"0","isLinked":""}},"elements":[{"id":"4f9f69c0","settings":{"_column_size":"100","padding":{"unit":"px","top":"0","right":"15","bottom":"0","left":"15","isLinked":""},"padding_tablet":{"unit":"px","top":"0","right":"30","bottom":"0","left":"30","isLinked":""},"padding_mobile":{"unit":"px","top":"0","right":"15","bottom":"0","left":"15","isLinked":""}},"elements":[{"id":"64423805","settings":{"hide_seperator":"true","section_title":"SCHEDULE YOUR SERVICE","section_title_color":"#FFFFFF","section_sub_title":"Make Appointment","section_sub_title_color":"#FFFFFF","typography_typography":"custom","typography_font_size":{"unit":"px","size":"40","sizes":[]},"typography_font_weight":"500","typography_font_size_tablet":{"unit":"px","size":"35","sizes":[]},"typography_line_height":{"unit":"px","size":"50","sizes":[]},"typography_line_height_tablet":{"unit":"px","size":"45","sizes":[]},"typography_line_height_mobile":{"unit":"px","size":"40","sizes":[]}},"elements":[],"isInner":false,"widgetType":"cdhl_section-title","elType":"widget"},{"id":"69d1c63c","settings":{"shortcode":"[contact-form-7 id=\"20727\" title=\"Service Appointment Form\"]"},"elements":[],"isInner":false,"widgetType":"shortcode","elType":"widget"}],"isInner":"","elType":"column"}],"isInner":"","elType":"section"}],"page_settings":{"template":"elementor_header_footer"},"version":"0.4","title":"Elementor Library","type":"wp-page"}